ID,Handle,Command,Title,Variant ID,Variant Command,Variant SKU,Variant Inventory Policy,Metafield: custom.back_in_stock_date [date],Metafield: custom.back_in_stock [single_line_text_field]
7179760042120,dol50-b-pu,MERGE,DemoniaCult Dolly 50,41040197877896,MERGE,DOL50/B/PU 36 (US-6),continue,2026-05-21,21.05.2026-checken
7179760042120,dol50-b-pu,MERGE,DemoniaCult Dolly 50,41040197976200,MERGE,DOL50/B/PU 39 (US-9),continue,,
7179791007880,sha52-bpt-uvngn,MERGE,DemoniaCult Shaker 52,41040518316168,MERGE,SHA52/BPT-UVNGN 35 (US-5),continue,2026-06-15,15.06.2026-checken
7179791007880,sha52-bpt-uvngn,MERGE,DemoniaCult Shaker 52,41040518348936,MERGE,SHA52/BPT-UVNGN 36 (US-6),deny,,
7179834523784,ind3000-b,MERGE,Devious Indulge 3000,41048720933000,MERGE,IND3000/B 36 (US-6),continue,,xx checken
7179834523784,ind3000-b,MERGE,Devious Indulge 3000,41048721162376,MERGE,IND3000/B 44 (US-13),continue,,
7179836752008,ctail501l-ble-m,MERGE,Fabulicious Cocktail 501L [Leather],41048526913672,MERGE,CTAIL501L/BLE/M 35 (US-5),continue,2026-06-07,07.06.2026-checken
7179836752008,ctail501l-ble-m,MERGE,Fabulicious Cocktail 501L [Leather],41048526946440,MERGE,CTAIL501L/BLE/M 36 (US-6),continue,,
7179836752008,ctail501l-ble-m,MERGE,Fabulicious Cocktail 501L [Leather],41048526979208,MERGE,CTAIL501L/BLE/M 37 (US-7),continue,,
7179836752008,ctail501l-ble-m,MERGE,Fabulicious Cocktail 501L [Leather],41048527011976,MERGE,CTAIL501L/BLE/M 38 (US-8),continue,,
7179836752008,ctail501l-ble-m,MERGE,Fabulicious Cocktail 501L [Leather],41048527044744,MERGE,CTAIL501L/BLE/M 39 (US-9),continue,,
7179836752008,ctail501l-ble-m,MERGE,Fabulicious Cocktail 501L [Leather],41048527077512,MERGE,CTAIL501L/BLE/M 40 (US-10),continue,,
7179836752008,ctail501l-ble-m,MERGE,Fabulicious Cocktail 501L [Leather],41048527110280,MERGE,CTAIL501L/BLE/M 41 (US-11),continue,,
7179836752008,ctail501l-ble-m,MERGE,Fabulicious Cocktail 501L [Leather],41048527143048,MERGE,CTAIL501L/BLE/M 42/43 (US-12),continue,,
7179836752008,ctail501l-ble-m,MERGE,Fabulicious Cocktail 501L [Leather],41048527175816,MERGE,CTAIL501L/BLE/M 44 (US-13),continue,,
7179836752008,ctail501l-ble-m,MERGE,Fabulicious Cocktail 501L [Leather],41048527208584,MERGE,CTAIL501L/BLE/M 45 (US-14),continue,,
7179837571208,ctail508-c-m,MERGE,Fabulicious Cocktail 508,41048528224392,MERGE,CTAIL508/C/M 35 (US-5),continue,2026-05-26,26.05.2026
7179837571208,ctail508-c-m,MERGE,Fabulicious Cocktail 508,41048528486536,MERGE,CTAIL508/C/M 44 (US-13),deny,,
7179838685320,ctail509-b-m,MERGE,Fabulicious Cocktail 509,41048529535112,MERGE,CTAIL509/B/M 35 (US-5),deny,2026-05-26,26.05.2026-checken
7179838685320,ctail509-b-m,MERGE,Fabulicious Cocktail 509,41048529567880,MERGE,CTAIL509/B/M 36 (US-6),deny,,
7179838685320,ctail509-b-m,MERGE,Fabulicious Cocktail 509,41048529633416,MERGE,CTAIL509/B/M 38 (US-8),continue,,
7180107481224,box13-bvl,MERGE,DemoniaCult Boxer 13,51518783521115,MERGE,BOX13/BVL 36 (US-4) UNISEX,continue,2026-06-02,02.06.2026-checken
7180107481224,box13-bvl,MERGE,DemoniaCult Boxer 13,41040064151688,MERGE,BOX13/BVL 40 (US-8) UNISEX,continue,,
7180107481224,box13-bvl,MERGE,DemoniaCult Boxer 13,41040064217224,MERGE,BOX13/BVL 42/43 (US-10) UNISEX,continue,,
7180107481224,box13-bvl,MERGE,DemoniaCult Boxer 13,41040064249992,MERGE,BOX13/BVL 44 (US-11) UNISEX,continue,,
7180113969288,cam311-clvs,MERGE,DemoniaCult Camel 311,41040075096200,MERGE,CAM311/CLVS 36 (US-6),deny,2026-08-10,10.08.2026-checken
7179818401928,ran302-b-pu,MERGE,DemoniaCult Ranger 302,41040456024200,MERGE,RAN302/B/PU 36 (US-4) UNISEX,continue,2026-06-22,22.06.2026-checken
7179818401928,ran302-b-pu,MERGE,DemoniaCult Ranger 302,41040456319112,MERGE,RAN302/B/PU 46 (US-13) UNISEX,deny,,
7179818500232,ran303-bvl,MERGE,DemoniaCult Ranger 303,41040456417416,MERGE,RAN303/BVL 36 (US-4) UNISEX,continue,2026-07-13,13.07.2026-checken
7179818500232,ran303-bvl,MERGE,DemoniaCult Ranger 303,41040456515720,MERGE,RAN303/BVL 39 (US-7) UNISEX,continue,,
7179823284360,psp-bvel,MERGE,Pleaser Pole Shoe Protectors | Black Velvet,40952339955848,MERGE,PSP-BVEL ONE SIZE,continue,,
7179823349896,psp-bw-bllyr,MERGE,Pleaser Pole Shoe Protectors | Black-Blue Snake Print Lycra,40952340054152,MERGE,PSP-BW-BLLYR ONE SIZE,continue,,
7179823415432,psp-bwlyr,MERGE,Pleaser Pole Shoe Protectors | Black White Snake Print Lycra,40952340086920,MERGE,PSP-BWLYR ONE SIZE,continue,,
7179823743112,psp-hpvel,MERGE,Pleaser Pole Shoe Protectors | Hot Pink Velvet,40952340775048,MERGE,PSP-HPVEL ONE SIZE,continue,,
7179823874184,psp-ryblvel,MERGE,Pleaser Pole Shoe Protectors | Royal Blue Velvet,40952341135496,MERGE,PSP-RYBLVEL ONE SIZE,continue,,
7179826102408,chic40-b-nb,MERGE,Fabulicious Chic 40,41048510103688,MERGE,CHIC40/B/NB 35 (US-5),continue,2026-05-19,19.05.2026
7179826102408,chic40-b-nb,MERGE,Fabulicious Chic 40,41048510136456,MERGE,CHIC40/B/NB 36 (US-6),continue,,
7179826102408,chic40-b-nb,MERGE,Fabulicious Chic 40,41048510169224,MERGE,CHIC40/B/NB 37 (US-7),continue,,
7179826102408,chic40-b-nb,MERGE,Fabulicious Chic 40,41048510201992,MERGE,CHIC40/B/NB 38 (US-8),continue,,
7179826102408,chic40-b-nb,MERGE,Fabulicious Chic 40,41048510234760,MERGE,CHIC40/B/NB 39 (US-9),continue,,
7179826102408,chic40-b-nb,MERGE,Fabulicious Chic 40,41048510267528,MERGE,CHIC40/B/NB 40 (US-10),continue,,
7179826102408,chic40-b-nb,MERGE,Fabulicious Chic 40,41048510300296,MERGE,CHIC40/B/NB 41 (US-11),continue,,
7179828658312,glory508sdt-c-m,MERGE,Fabulicious Glory 508SDT,41048717492360,MERGE,GLORY508SDT/C/M 35 (US-5),continue,2026-05-26,26.05.2026-checken
7179828658312,glory508sdt-c-m,MERGE,Fabulicious Glory 508SDT,41048717557896,MERGE,GLORY508SDT/C/M 37 (US-7),deny,,
7179829510280,mjty508sdt-c-m,MERGE,Fabulicious Majesty 508SDT,41048754094216,MERGE,MJTY508SDT/C/M 35 (US-5),deny,2026-05-19,19.05.2026-checken
7179829510280,mjty508sdt-c-m,MERGE,Fabulicious Majesty 508SDT,41048754126984,MERGE,MJTY508SDT/C/M 36 (US-6),deny,,
7179829510280,mjty508sdt-c-m,MERGE,Fabulicious Majesty 508SDT,41048754290824,MERGE,MJTY508SDT/C/M 41 (US-11),continue,,
7180149817480,funn19-b-pu,MERGE,DemoniaCult Funn 19,41040362143880,MERGE,FUNN19/B/PU 36 (US-6),continue,2026-06-15,15.06.2026-checken
7180149817480,funn19-b-pu,MERGE,DemoniaCult Funn 19,41040362242184,MERGE,FUNN19/B/PU 39 (US-9),deny,,
7180150407304,pac01-b-pu,MERGE,DemoniaCult Pace 01,41040443244680,MERGE,PAC01/B/PU 36 (US-6),continue,2026-07-06,06.07.2026
7180150407304,pac01-b-pu,MERGE,DemoniaCult Pace 01,41040443408520,MERGE,PAC01/B/PU 41 (US-11),deny,,
7180179177608,nep100-bhg,MERGE,DemoniaCult Neptune 100,47059104366939,MERGE,NEP100/BHG 36 (US-4) UNISEX,continue,2026-06-08,08.06.2026-checken
7180179177608,nep100-bhg,MERGE,DemoniaCult Neptune 100,47059104498011,MERGE,NEP100/BHG 40 (US-8) UNISEX,continue,,
7180452200584,fla401-2-b-m,MERGE,Fabulicious Flair 401-2,41048637309064,MERGE,FLA401-2/B/M 35 (US-5),continue,2026-06-22,22.06.2026-checken
7180452200584,fla401-2-b-m,MERGE,Fabulicious Flair 401-2,41048637407368,MERGE,FLA401-2/B/M 38 (US-8),continue,,
7180452528264,fla401-c-m,MERGE,Fabulicious Flair 401,41048638128264,MERGE,FLA401/C/M 35 (US-5),continue,2026-06-08,08.06.2026-checken
7180452528264,fla401-c-m,MERGE,Fabulicious Flair 401,41048638161032,MERGE,FLA401/C/M 36 (US-6),continue,,
7181031735432,flap26-bpu,MERGE,Pin Up Couture Flapper 26,41048710119560,MERGE,FLAP26/BPU 36 (US-6),continue,,xx checken
7181031735432,flap26-bpu,MERGE,Pin Up Couture Flapper 26,41048710152328,MERGE,FLAP26/BPU 37 (US-7),deny,,
7199344394376,bej708ms-c-srs,MERGE,Pleaser Bejeweled 708MS,41048482971784,MERGE,BEJ708MS/C/SRS 35 (US-5),continue,2026-07-06,06.07.2026-checken
7199344394376,bej708ms-c-srs,MERGE,Pleaser Bejeweled 708MS,46965734965595,MERGE,BEJ708MS/C/SRS 42/43 (US-12),continue,,
7202540290184,flam808t-c-r,MERGE,Pleaser Flamingo 808T,41048695668872,MERGE,FLAM808T/C/R 35 (US-5),continue,,checken
7202540290184,flam808t-c-r,MERGE,Pleaser Flamingo 808T,41048695701640,MERGE,FLAM808T/C/R 36 (US-6),continue,,
7202540290184,flam808t-c-r,MERGE,Pleaser Flamingo 808T,41048695734408,MERGE,FLAM808T/C/R 37 (US-7),continue,,
7202540290184,flam808t-c-r,MERGE,Pleaser Flamingo 808T,41048695767176,MERGE,FLAM808T/C/R 38 (US-8),continue,,
7202540290184,flam808t-c-r,MERGE,Pleaser Flamingo 808T,41048695799944,MERGE,FLAM808T/C/R 39 (US-9),continue,,
7202540290184,flam808t-c-r,MERGE,Pleaser Flamingo 808T,41048695832712,MERGE,FLAM808T/C/R 40 (US-10),continue,,
7202540290184,flam808t-c-r,MERGE,Pleaser Flamingo 808T,46841643139419,MERGE,FLAM808T/C/R 41 (US-11),continue,,
7202540290184,flam808t-c-r,MERGE,Pleaser Flamingo 808T,46841643172187,MERGE,FLAM808T/C/R 42/43 (US-12),continue,,
7202544976008,stdus808t-c-b-c,MERGE,Pleaser Stardust 808T,41048832147592,MERGE,STDUS808T/C/B-C 35 (US-5),continue,2026-05-19,19.05.2026-checken
7202544976008,stdus808t-c-b-c,MERGE,Pleaser Stardust 808T,41048832245896,MERGE,STDUS808T/C/B-C 38 (US-8),deny,,
7202743353480,ado1017srs-c-b-b,MERGE,Pleaser Adore 1017SRS,41048351473800,MERGE,ADO1017SRS/C-B/B 35 (US-5),continue,,checken
7202743353480,ado1017srs-c-b-b,MERGE,Pleaser Adore 1017SRS,41048351637640,MERGE,ADO1017SRS/C-B/B 40 (US-10),continue,,
7202743353480,ado1017srs-c-b-b,MERGE,Pleaser Adore 1017SRS,41048351670408,MERGE,ADO1017SRS/C-B/B 41 (US-11),continue,,
7205092098184,ado701n-bptpu-m,MERGE,Pleaser Adore 701N,41048408424584,MERGE,ADO701N/BPTPU/M 35 (US-5),continue,,xx checken
7205092098184,ado701n-bptpu-m,MERGE,Pleaser Adore 701N,41048408555656,MERGE,ADO701N/BPTPU/M 39 (US-9),continue,,
7205093113992,ado708cg-c-sg,MERGE,Pleaser Adore 708CG,41048416518280,MERGE,ADO708CG/C/SG 35 (US-5),deny,2026-07-13,13.07.2026-checken
7205093113992,ado708cg-c-sg,MERGE,Pleaser Adore 708CG,41048416551048,MERGE,ADO708CG/C/SG 36 (US-6),continue,,
7193600524424,ele3000z-b,MERGE,Pleaser Electra 3000Z,41048626462856,MERGE,ELE3000Z/B 36 (US-6),continue,,
7193600524424,ele3000z-b,MERGE,Pleaser Electra 3000Z,41048626495624,MERGE,ELE3000Z/B 37 (US-7),continue,,
7193600524424,ele3000z-b,MERGE,Pleaser Electra 3000Z,41048626528392,MERGE,ELE3000Z/B 38 (US-8),continue,,
7193600524424,ele3000z-b,MERGE,Pleaser Electra 3000Z,41048626561160,MERGE,ELE3000Z/B 39 (US-9),continue,,
7193600524424,ele3000z-b,MERGE,Pleaser Electra 3000Z,41048626593928,MERGE,ELE3000Z/B 40 (US-10),continue,,
7193600524424,ele3000z-b,MERGE,Pleaser Electra 3000Z,41048626626696,MERGE,ELE3000Z/B 41 (US-11),continue,,
7193600524424,ele3000z-b,MERGE,Pleaser Electra 3000Z,41048626659464,MERGE,ELE3000Z/B 42/43 (US-12),continue,,
7193600524424,ele3000z-b,MERGE,Pleaser Electra 3000Z,41048626692232,MERGE,ELE3000Z/B 44 (US-13),continue,,
7193600524424,ele3000z-b,MERGE,Pleaser Electra 3000Z,41048626725000,MERGE,ELE3000Z/B 45 (US-14),continue,,
7193600524424,ele3000z-b,MERGE,Pleaser Electra 3000Z,41048626757768,MERGE,ELE3000Z/B 46 (US-15),continue,,
7193600524424,ele3000z-b,MERGE,Pleaser Electra 3000Z,41048626790536,MERGE,ELE3000Z/B 47/48 (US-16),continue,,
7197035856008,bey4000-b-m,MERGE,Pleaser Beyond 4000,41048502665352,MERGE,BEY4000/B/M 35 (US-5),continue,2026-06-07,07.06.2026-checken
7197035856008,bey4000-b-m,MERGE,Pleaser Beyond 4000,41048502698120,MERGE,BEY4000/B/M 36 (US-6),continue,,
7197035856008,bey4000-b-m,MERGE,Pleaser Beyond 4000,41048502730888,MERGE,BEY4000/B/M 37 (US-7),continue,,
7197035856008,bey4000-b-m,MERGE,Pleaser Beyond 4000,41048502763656,MERGE,BEY4000/B/M 38 (US-8),continue,,
7197035856008,bey4000-b-m,MERGE,Pleaser Beyond 4000,41048502796424,MERGE,BEY4000/B/M 39 (US-9),deny,,
7197035856008,bey4000-b-m,MERGE,Pleaser Beyond 4000,41048502829192,MERGE,BEY4000/B/M 40 (US-10),continue,,
7197035856008,bey4000-b-m,MERGE,Pleaser Beyond 4000,41048502861960,MERGE,BEY4000/B/M 41 (US-11),continue,,
7197035856008,bey4000-b-m,MERGE,Pleaser Beyond 4000,41048502894728,MERGE,BEY4000/B/M 42/43 (US-12),continue,,
7197875404936,inf908-c-m,MERGE,Pleaser Infinity 908,41048726470792,MERGE,INF908/C/M 35 (US-5),continue,2026-06-07,07.06.2026-checken
7197875404936,inf908-c-m,MERGE,Pleaser Infinity 908,41048726569096,MERGE,INF908/C/M 38 (US-8),deny,,
7197959061640,flam3028-b-m,MERGE,Pleaser Flamingo 3028,41048673714312,MERGE,FLAM3028/B/M 36 (US-6),continue,2026-06-08,08.06.2026-checken
7197959061640,flam3028-b-m,MERGE,Pleaser Flamingo 3028,41048673747080,MERGE,*SR* FLAM3028/B/M 37 (US-7),continue,,
7197959061640,flam3028-b-m,MERGE,Pleaser Flamingo 3028,41048673779848,MERGE,FLAM3028/B/M 38 (US-8),continue,,
7197959061640,flam3028-b-m,MERGE,Pleaser Flamingo 3028,41048673812616,MERGE,FLAM3028/B/M 39 (US-9),continue,,
7197959061640,flam3028-b-m,MERGE,Pleaser Flamingo 3028,41048673845384,MERGE,FLAM3028/B/M 40 (US-10),continue,,
7197959061640,flam3028-b-m,MERGE,Pleaser Flamingo 3028,41048673878152,MERGE,FLAM3028/B/M 41 (US-11),continue,,
7197959061640,flam3028-b-m,MERGE,Pleaser Flamingo 3028,46733398475099,MERGE,FLAM3028/B/M 42/43 (US-12),continue,,
7197959061640,flam3028-b-m,MERGE,Pleaser Flamingo 3028,46733398507867,MERGE,FLAM3028/B/M 44 (US-13),continue,,
7197959061640,flam3028-b-m,MERGE,Pleaser Flamingo 3028,46733398540635,MERGE,FLAM3028/B/M 45 (US-14),continue,,
7205169954952,bl631-2-b-r-m,MERGE,Pleaser Blondie 631-2,41048504893576,MERGE,BL631-2/B-R/M 35 (US-5),continue,2026-06-29,29.06.2026-checken
7205169954952,bl631-2-b-r-m,MERGE,Pleaser Blondie 631-2,41048504991880,MERGE,BL631-2/B-R/M 38 (US-8),deny,,
7205905432712,exc609-b-m,MERGE,Pleaser Excite 609,41048632033416,MERGE,EXC609/B/M 35 (US-5),continue,,checken
7205905432712,exc609-b-m,MERGE,Pleaser Excite 609,41048632098952,MERGE,EXC609/B/M 37 (US-7),continue,,
7206274105480,sed3000-r,MERGE,Pleaser Seduce 3000,41048778145928,MERGE,SED3000/R 36 (US-6),continue,2026-08-24,24.08.2026
7206274105480,sed3000-r,MERGE,Pleaser Seduce 3000,41048778178696,MERGE,SED3000/R 37 (US-7),continue,,
7206274105480,sed3000-r,MERGE,Pleaser Seduce 3000,41048778211464,MERGE,SED3000/R 38 (US-8),continue,,
7206274105480,sed3000-r,MERGE,Pleaser Seduce 3000,41048778244232,MERGE,SED3000/R 39 (US-9),continue,,
7206274105480,sed3000-r,MERGE,Pleaser Seduce 3000,41048778277000,MERGE,SED3000/R 40 (US-10),continue,,
7206274105480,sed3000-r,MERGE,Pleaser Seduce 3000,41048778309768,MERGE,SED3000/R 41 (US-11),continue,,
7206274105480,sed3000-r,MERGE,Pleaser Seduce 3000,41048778342536,MERGE,SED3000/R 42/43 (US-12),continue,,
7206274105480,sed3000-r,MERGE,Pleaser Seduce 3000,41048778375304,MERGE,SED3000/R 44 (US-13),continue,,
7206274105480,sed3000-r,MERGE,Pleaser Seduce 3000,41048778408072,MERGE,SED3000/R 45 (US-14),continue,,
7206274105480,sed3000-r,MERGE,Pleaser Seduce 3000,41048778440840,MERGE,SED3000/R 46 (US-15),continue,,
7206274105480,sed3000-r,MERGE,Pleaser Seduce 3000,41048778473608,MERGE,SED3000/R 47/48 (US-16),continue,,
7206274433160,sed3000-w,MERGE,Pleaser Seduce 3000,41048778866824,MERGE,SED3000/W 36 (US-6),continue,2026-08-24,24.08.2026
7206274433160,sed3000-w,MERGE,Pleaser Seduce 3000,41048778899592,MERGE,SED3000/W 37 (US-7),continue,,
7206274433160,sed3000-w,MERGE,Pleaser Seduce 3000,41048778932360,MERGE,SED3000/W 38 (US-8),continue,,
7206274433160,sed3000-w,MERGE,Pleaser Seduce 3000,41048778965128,MERGE,SED3000/W 39 (US-9),continue,,
7206274433160,sed3000-w,MERGE,Pleaser Seduce 3000,41048778997896,MERGE,SED3000/W 40 (US-10),continue,,
7206274433160,sed3000-w,MERGE,Pleaser Seduce 3000,41048779030664,MERGE,SED3000/W 41 (US-11),continue,,
7206274433160,sed3000-w,MERGE,Pleaser Seduce 3000,41048779063432,MERGE,SED3000/W 42/43 (US-12),continue,,
7206274433160,sed3000-w,MERGE,Pleaser Seduce 3000,41048779096200,MERGE,SED3000/W 44 (US-13),continue,,
7206274433160,sed3000-w,MERGE,Pleaser Seduce 3000,41048779128968,MERGE,SED3000/W 45 (US-14),continue,,
7206274433160,sed3000-w,MERGE,Pleaser Seduce 3000,41048779161736,MERGE,SED3000/W 46 (US-15),continue,,
7206274433160,sed3000-w,MERGE,Pleaser Seduce 3000,41048779194504,MERGE,SED3000/W 47/48 (US-16),continue,,
7206851903624,moon708hrs-c-c-r,MERGE,Pleaser Moon 708HRS,41048756453512,MERGE,MOON708HRS/C/C-R 35 (US-5),continue,2026-08-24,24.08.2026
7206851903624,moon708hrs-c-c-r,MERGE,Pleaser Moon 708HRS,41048756486280,MERGE,MOON708HRS/C/C-R 36 (US-6),continue,,
7206851903624,moon708hrs-c-c-r,MERGE,Pleaser Moon 708HRS,41048756519048,MERGE,MOON708HRS/C/C-R 37 (US-7),continue,,
7206851903624,moon708hrs-c-c-r,MERGE,Pleaser Moon 708HRS,41048756551816,MERGE,MOON708HRS/C/C-R 38 (US-8),continue,,
7206851903624,moon708hrs-c-c-r,MERGE,Pleaser Moon 708HRS,41048756584584,MERGE,MOON708HRS/C/C-R 39 (US-9),continue,,
7206851903624,moon708hrs-c-c-r,MERGE,Pleaser Moon 708HRS,41048756617352,MERGE,MOON708HRS/C/C-R 40 (US-10),continue,,
7206851903624,moon708hrs-c-c-r,MERGE,Pleaser Moon 708HRS,41048756650120,MERGE,MOON708HRS/C/C-R 41 (US-11),continue,,
7206852198536,moon711mer-blu-m,MERGE,Pleaser Moon 711MER,41048757272712,MERGE,MOON711MER/BLU/M 35 (US-5),continue,,
7206852198536,moon711mer-blu-m,MERGE,Pleaser Moon 711MER,41048757305480,MERGE,MOON711MER/BLU/M 36 (US-6),continue,,
7206852198536,moon711mer-blu-m,MERGE,Pleaser Moon 711MER,41048757338248,MERGE,MOON711MER/BLU/M 37 (US-7),continue,,
7206852198536,moon711mer-blu-m,MERGE,Pleaser Moon 711MER,41048757371016,MERGE,MOON711MER/BLU/M 38 (US-8),continue,,
7206852198536,moon711mer-blu-m,MERGE,Pleaser Moon 711MER,41048757403784,MERGE,MOON711MER/BLU/M 39 (US-9),continue,,
7206852198536,moon711mer-blu-m,MERGE,Pleaser Moon 711MER,41048757436552,MERGE,MOON711MER/BLU/M 40 (US-10),continue,,
7206852198536,moon711mer-blu-m,MERGE,Pleaser Moon 711MER,41048757469320,MERGE,MOON711MER/BLU/M 41 (US-11),continue,,
7208487223432,pasn708-c-m,MERGE,Pleaser Passion 708,41048758648968,MERGE,PASN708/C/M 35 (US-5),continue,2026-08-24,24.08.2026-checken
7208487223432,pasn708-c-m,MERGE,Pleaser Passion 708,41048758681736,MERGE,PASN708/C/M 36 (US-6),continue,,
7208487223432,pasn708-c-m,MERGE,Pleaser Passion 708,41048758714504,MERGE,PASN708/C/M 37 (US-7),continue,,
7208487223432,pasn708-c-m,MERGE,Pleaser Passion 708,41048758747272,MERGE,PASN708/C/M 38 (US-8),continue,,
7208487223432,pasn708-c-m,MERGE,Pleaser Passion 708,41048758780040,MERGE,PASN708/C/M 39 (US-9),continue,,
7208487223432,pasn708-c-m,MERGE,Pleaser Passion 708,41048758812808,MERGE,PASN708/C/M 40 (US-10),continue,,
7208487223432,pasn708-c-m,MERGE,Pleaser Passion 708,41048758845576,MERGE,PASN708/C/M 41 (US-11),continue,,
7208487321736,pasn709-b-m,MERGE,Pleaser Passion 709,41048758878344,MERGE,PASN709/B/M 35 (US-5),deny,2026-08-24,24.08.2026
7208487321736,pasn709-b-m,MERGE,Pleaser Passion 709,41048758911112,MERGE,PASN709/B/M 36 (US-6),continue,,
7208487321736,pasn709-b-m,MERGE,Pleaser Passion 709,41048758943880,MERGE,PASN709/B/M 37 (US-7),continue,,
7208487321736,pasn709-b-m,MERGE,Pleaser Passion 709,41048758976648,MERGE,PASN709/B/M 38 (US-8),continue,,
7208487321736,pasn709-b-m,MERGE,Pleaser Passion 709,41048759009416,MERGE,PASN709/B/M 39 (US-9),continue,,
7208487321736,pasn709-b-m,MERGE,Pleaser Passion 709,41048759042184,MERGE,PASN709/B/M 40 (US-10),continue,,
7208487321736,pasn709-b-m,MERGE,Pleaser Passion 709,41048759074952,MERGE,PASN709/B/M 41 (US-11),continue,,
7208798552200,stdus1020-7-b-m,MERGE,Pleaser Stardust 1020-7,41048827920520,MERGE,STDUS1020-7/B/M 35 (US-5),continue,,xx checken
7208798552200,stdus1020-7-b-m,MERGE,Pleaser Stardust 1020-7,41048828051592,MERGE,STDUS1020-7/B/M 39 (US-9),continue,,
7208802222216,stdus802-c-m,MERGE,Pleaser Stardust 802,41048831918216,MERGE,STDUS802/C/M 35 (US-5),continue,2026-05-26,26.05.2026-checken
7214072692872,ado1020fs-byfs-m,MERGE,Pleaser Adore 1020FS,41048368218248,MERGE,ADO1020FS/BYFS/M 35 (US-5),deny,,xx checken
7214072692872,ado1020fs-byfs-m,MERGE,Pleaser Adore 1020FS,41048368316552,MERGE,ADO1020FS/BYFS/M 38 (US-8),deny,,
7216475635848,asp609-b-m,MERGE,Pleaser Aspire 609,41048470028424,MERGE,ASP609/B/M 35 (US-5),continue,2026-08-24,24.08.2026-checken
7216475635848,asp609-b-m,MERGE,Pleaser Aspire 609,41048470061192,MERGE,ASP609/B/M 36 (US-6),continue,,
7216475635848,asp609-b-m,MERGE,Pleaser Aspire 609,41048470093960,MERGE,ASP609/B/M 37 (US-7),continue,,
7216475635848,asp609-b-m,MERGE,Pleaser Aspire 609,41048470126728,MERGE,ASP609/B/M 38 (US-8),continue,,
7216475635848,asp609-b-m,MERGE,Pleaser Aspire 609,41048470159496,MERGE,ASP609/B/M 39 (US-9),continue,,
7216475635848,asp609-b-m,MERGE,Pleaser Aspire 609,41048470192264,MERGE,ASP609/B/M 40 (US-10),continue,,
7216475635848,asp609-b-m,MERGE,Pleaser Aspire 609,41048470225032,MERGE,ASP609/B/M 41 (US-11),continue,,
7216475635848,asp609-b-m,MERGE,Pleaser Aspire 609,41048470257800,MERGE,ASP609/B/M 42/43 (US-12),continue,,
7216475635848,asp609-b-m,MERGE,Pleaser Aspire 609,41048470290568,MERGE,ASP609/B/M 44 (US-13),continue,,
7216475635848,asp609-b-m,MERGE,Pleaser Aspire 609,41048470323336,MERGE,ASP609/B/M 45 (US-14),continue,,
7217035772040,del601-b-m,MERGE,Pleaser Delight 601,41048564793480,MERGE,DEL601/B/M 35 (US-5),continue,2026-08-24,24.08.2026
7217035772040,del601-b-m,MERGE,Pleaser Delight 601,41048564826248,MERGE,DEL601/B/M 36 (US-6),continue,,
7217035772040,del601-b-m,MERGE,Pleaser Delight 601,41048564859016,MERGE,DEL601/B/M 37 (US-7),continue,,
7217035772040,del601-b-m,MERGE,Pleaser Delight 601,41048564891784,MERGE,DEL601/B/M 38 (US-8),continue,,
7217035772040,del601-b-m,MERGE,Pleaser Delight 601,41048564924552,MERGE,DEL601/B/M 39 (US-9),continue,,
7217035772040,del601-b-m,MERGE,Pleaser Delight 601,41048564957320,MERGE,DEL601/B/M 40 (US-10),continue,,
7217035772040,del601-b-m,MERGE,Pleaser Delight 601,41048564990088,MERGE,DEL601/B/M 41 (US-11),continue,,
7217035772040,del601-b-m,MERGE,Pleaser Delight 601,41048565022856,MERGE,DEL601/B/M 42/43 (US-12),continue,,
7217035772040,del601-b-m,MERGE,Pleaser Delight 601,41048565055624,MERGE,DEL601/B/M 44 (US-13),continue,,
7217035772040,del601-b-m,MERGE,Pleaser Delight 601,41048565088392,MERGE,DEL601/B/M 45 (US-14),continue,,
7217036263560,del601-c-r,MERGE,Pleaser Delight 601,41048565776520,MERGE,DEL601/C/R 35 (US-5),continue,2026-05-19,19.05.2026-checken
7217036263560,del601-c-r,MERGE,Pleaser Delight 601,41048565842056,MERGE,DEL601/C/R 37 (US-7),deny,,
7217038688392,del609br-b-r-b,MERGE,Pleaser Delight 609BR,41048571871368,MERGE,DEL609BR/B/R-B 35 (US-5),continue,2026-06-22,22.06.2026-checken
7217038917768,del609g-g-m,MERGE,Pleaser Delight 609G,41048572199048,MERGE,DEL609G/G/M 35 (US-5),continue,2026-07-20,20.07.2026-checken
7217038917768,del609g-g-m,MERGE,Pleaser Delight 609G,41048572461192,MERGE,DEL609G/G/M 44 (US-13),deny,,
7217043144840,del615-br-b,MERGE,Pleaser Delight 615,41048575148168,MERGE,DEL615/BR/B 35 (US-5),continue,2026-08-17,17.08.2026-checken
7217043144840,del615-br-b,MERGE,Pleaser Delight 615,41048575279240,MERGE,DEL615/BR/B 39 (US-9),continue,,
7217778786440,del687-r-m,MERGE,Pleaser Delight 687,41048584650888,MERGE,DEL687/R/M 35 (US-5),continue,2026-06-29,29.06.2026-checken
7217778786440,del687-r-m,MERGE,Pleaser Delight 687,41048584716424,MERGE,DEL687/R/M 37 (US-7),deny,,
7217779474568,del696lc-bm-m,MERGE,Pleaser Delight 696LC,41048585863304,MERGE,DEL696LC/BM/M 35 (US-5),continue,2026-06-29,29.06.2026
7217779474568,del696lc-bm-m,MERGE,Pleaser Delight 696LC,41048585896072,MERGE,DEL696LC/BM/M 36 (US-6),continue,,
7217779474568,del696lc-bm-m,MERGE,Pleaser Delight 696LC,41048585928840,MERGE,DEL696LC/BM/M 37 (US-7),continue,,
7217779474568,del696lc-bm-m,MERGE,Pleaser Delight 696LC,41048585961608,MERGE,DEL696LC/BM/M 38 (US-8),deny,,
7217779474568,del696lc-bm-m,MERGE,Pleaser Delight 696LC,41048585994376,MERGE,DEL696LC/BM/M 39 (US-9),deny,,
7217779474568,del696lc-bm-m,MERGE,Pleaser Delight 696LC,41048586027144,MERGE,DEL696LC/BM/M 40 (US-10),deny,,
7217779474568,del696lc-bm-m,MERGE,Pleaser Delight 696LC,41048586059912,MERGE,DEL696LC/BM/M 41 (US-11),deny,,
7217779474568,del696lc-bm-m,MERGE,Pleaser Delight 696LC,41048586092680,MERGE,DEL696LC/BM/M 42/43 (US-12),deny,,
7217779474568,del696lc-bm-m,MERGE,Pleaser Delight 696LC,41048586125448,MERGE,DEL696LC/BM/M 44 (US-13),deny,,
7217779474568,del696lc-bm-m,MERGE,Pleaser Delight 696LC,41048586158216,MERGE,DEL696LC/BM/M 45 (US-14),deny,,
7217782849672,flam808-c-b,MERGE,Pleaser Flamingo 808,41048682397832,MERGE,FLAM808/C/B 35 (US-5),continue,2026-06-08,08.06.2026
7217782849672,flam808-c-b,MERGE,Pleaser Flamingo 808,41048682430600,MERGE,FLAM808/C/B 36 (US-6),continue,,
7217782849672,flam808-c-b,MERGE,Pleaser Flamingo 808,41048682463368,MERGE,FLAM808/C/B 37 (US-7),continue,,
7217782849672,flam808-c-b,MERGE,Pleaser Flamingo 808,41048682496136,MERGE,FLAM808/C/B 38 (US-8),continue,,
7217782849672,flam808-c-b,MERGE,Pleaser Flamingo 808,41048682528904,MERGE,FLAM808/C/B 39 (US-9),continue,,
7217782849672,flam808-c-b,MERGE,Pleaser Flamingo 808,41048682561672,MERGE,FLAM808/C/B 40 (US-10),continue,,
7217782849672,flam808-c-b,MERGE,Pleaser Flamingo 808,41048682594440,MERGE,FLAM808/C/B 41 (US-11),continue,,
7217782849672,flam808-c-b,MERGE,Pleaser Flamingo 808,41048682627208,MERGE,FLAM808/C/B 42/43 (US-12),continue,,
7217782849672,flam808-c-b,MERGE,Pleaser Flamingo 808,41048682659976,MERGE,FLAM808/C/B 44 (US-13),continue,,
7217782849672,flam808-c-b,MERGE,Pleaser Flamingo 808,41048682692744,MERGE,FLAM808/C/B 45 (US-14),continue,,
7217836720264,kiss202-c-m,MERGE,Pleaser Kiss 202,41048733319304,MERGE,KISS202/C/M 35 (US-5),continue,2026-07-27,27.07.2026-checken
7217836720264,kiss202-c-m,MERGE,Pleaser Kiss 202,41048733352072,MERGE,KISS202/C/M 36 (US-6),continue,,
7217836720264,kiss202-c-m,MERGE,Pleaser Kiss 202,41048733384840,MERGE,KISS202/C/M 37 (US-7),continue,,
7217836720264,kiss202-c-m,MERGE,Pleaser Kiss 202,41048733417608,MERGE,KISS202/C/M 38 (US-8),continue,,
7217836720264,kiss202-c-m,MERGE,Pleaser Kiss 202,41048733450376,MERGE,KISS202/C/M 39 (US-9),continue,,
7217836720264,kiss202-c-m,MERGE,Pleaser Kiss 202,41048733483144,MERGE,KISS202/C/M 40 (US-10),deny,,
7217836720264,kiss202-c-m,MERGE,Pleaser Kiss 202,41048733515912,MERGE,KISS202/C/M 41 (US-11),continue,,
7217836720264,kiss202-c-m,MERGE,Pleaser Kiss 202,41048733548680,MERGE,KISS202/C/M 42/43 (US-12),continue,,
7217836720264,kiss202-c-m,MERGE,Pleaser Kiss 202,41048733581448,MERGE,KISS202/C/M 44 (US-13),continue,,
7217836720264,kiss202-c-m,MERGE,Pleaser Kiss 202,41048733614216,MERGE,KISS202/C/M 45 (US-14),continue,,
7217838522504,kiss209-b-le,MERGE,Pleaser Kiss 209 [Leather],41048736268424,MERGE,KISS209/B/LE 35 (US-5),continue,2026-07-13,13.07.2026-checken
7217838522504,kiss209-b-le,MERGE,Pleaser Kiss 209 [Leather],41048736399496,MERGE,KISS209/B/LE 39 (US-9),deny,,
7219160613000,sky308-c-b-m,MERGE,Pleaser Sky 308,41048803049608,MERGE,SKY308/C-B/M 35 (US-5),continue,2026-06-07,07.06.2026
7219160613000,sky308-c-b-m,MERGE,Pleaser Sky 308,41048803082376,MERGE,SKY308/C-B/M 36 (US-6),continue,,
7219160613000,sky308-c-b-m,MERGE,Pleaser Sky 308,41048803115144,MERGE,SKY308/C-B/M 37 (US-7),continue,,
7219160613000,sky308-c-b-m,MERGE,Pleaser Sky 308,41048803147912,MERGE,SKY308/C-B/M 38 (US-8),continue,,
7219160613000,sky308-c-b-m,MERGE,Pleaser Sky 308,41048803180680,MERGE,SKY308/C-B/M 39 (US-9),continue,,
7219160613000,sky308-c-b-m,MERGE,Pleaser Sky 308,41048803213448,MERGE,SKY308/C-B/M 40 (US-10),continue,,
7219160613000,sky308-c-b-m,MERGE,Pleaser Sky 308,41048803246216,MERGE,SKY308/C-B/M 41 (US-11),continue,,
7219160613000,sky308-c-b-m,MERGE,Pleaser Sky 308,41048803278984,MERGE,SKY308/C-B/M 42/43 (US-12),continue,,
7219160613000,sky308-c-b-m,MERGE,Pleaser Sky 308,41048803311752,MERGE,SKY308/C-B/M 44 (US-13),continue,,
7219160613000,sky308-c-b-m,MERGE,Pleaser Sky 308,41048803344520,MERGE,SKY308/C-B/M 45 (US-14),continue,,
7219160842376,sky308-c-b,MERGE,Pleaser Sky 308,41048803377288,MERGE,SKY308/C/B 35 (US-5),continue,2026-06-07,07.06.2026
7219160842376,sky308-c-b,MERGE,Pleaser Sky 308,41048803410056,MERGE,SKY308/C/B 36 (US-6),continue,,
7219160842376,sky308-c-b,MERGE,Pleaser Sky 308,41048803442824,MERGE,SKY308/C/B 37 (US-7),continue,,
7219160842376,sky308-c-b,MERGE,Pleaser Sky 308,41048803475592,MERGE,SKY308/C/B 38 (US-8),continue,,
7219160842376,sky308-c-b,MERGE,Pleaser Sky 308,41048803508360,MERGE,SKY308/C/B 39 (US-9),continue,,
7219160842376,sky308-c-b,MERGE,Pleaser Sky 308,41048803541128,MERGE,SKY308/C/B 40 (US-10),continue,,
7219160842376,sky308-c-b,MERGE,Pleaser Sky 308,41048803573896,MERGE,SKY308/C/B 41 (US-11),continue,,
7219160842376,sky308-c-b,MERGE,Pleaser Sky 308,41048803606664,MERGE,SKY308/C/B 42/43 (US-12),continue,,
7219160842376,sky308-c-b,MERGE,Pleaser Sky 308,41048803639432,MERGE,SKY308/C/B 44 (US-13),continue,,
7219160842376,sky308-c-b,MERGE,Pleaser Sky 308,41048803672200,MERGE,SKY308/C/B 45 (US-14),continue,,
7219161563272,sky308-c-hpch,MERGE,Pleaser Sky 308,41048805671048,MERGE,SKY308/C/HPCH 35 (US-5),deny,2026-06-29,29.06.2026-checken
7219161563272,sky308-c-hpch,MERGE,Pleaser Sky 308,41048805834888,MERGE,SKY308/C/HPCH 38 (US-8),deny,,
7219161792648,sky308-c-m,MERGE,Pleaser Sky 308,41048807768200,MERGE,SKY308/C/M 35 (US-5),continue,2026-06-15,15.06.2026
7219161792648,sky308-c-m,MERGE,Pleaser Sky 308,41048807800968,MERGE,SKY308/C/M 36 (US-6),continue,,
7219161792648,sky308-c-m,MERGE,Pleaser Sky 308,41048807833736,MERGE,SKY308/C/M 37 (US-7),continue,,
7219161792648,sky308-c-m,MERGE,Pleaser Sky 308,41048807866504,MERGE,SKY308/C/M 38 (US-8),continue,,
7219161792648,sky308-c-m,MERGE,Pleaser Sky 308,41048807899272,MERGE,SKY308/C/M 39 (US-9),continue,,
7219161792648,sky308-c-m,MERGE,Pleaser Sky 308,41048807932040,MERGE,SKY308/C/M 40 (US-10),continue,,
7219161792648,sky308-c-m,MERGE,Pleaser Sky 308,41048807964808,MERGE,SKY308/C/M 41 (US-11),continue,,
7219161792648,sky308-c-m,MERGE,Pleaser Sky 308,41048807997576,MERGE,SKY308/C/M 42/43 (US-12),continue,,
7219161792648,sky308-c-m,MERGE,Pleaser Sky 308,41048808030344,MERGE,SKY308/C/M 44 (US-13),continue,,
7219161792648,sky308-c-m,MERGE,Pleaser Sky 308,41048808063112,MERGE,SKY308/C/M 45 (US-14),continue,,
7219739164808,clas20-b,MERGE,Pleaser Classique 20,41048516067464,MERGE,CLAS20/B 35 (US-5),deny,2026-05-19,19.05.2026-checken
7219739164808,clas20-b,MERGE,Pleaser Classique 20,41048516198536,MERGE,CLAS20/B 39 (US-9),deny,,
7219742539912,sed431-hp,MERGE,Pleaser Seduce 431,41048790237320,MERGE,SED431/HP 35 (US-5),continue,,xx checken
7219742539912,sed431-hp,MERGE,Pleaser Seduce 431,41048790368392,MERGE,SED431/HP 39 (US-9),deny,,
7220013105288,ele1020-b,MERGE,Pleaser Electra 1020,41048621318280,MERGE,ELE1020/B 36 (US-6),continue,2026-08-24,24.08.2026-checken
7220013105288,ele1020-b,MERGE,Pleaser Electra 1020,41048621514888,MERGE,ELE1020/B 42/43 (US-12),continue,,
7220013924488,ele2042-b-pu,MERGE,Pleaser Electra 2042,41048626167944,MERGE,ELE2042/B/PU 36 (US-6),continue,,checken
7220013924488,ele2042-b-pu,MERGE,Pleaser Electra 2042,41048626200712,MERGE,ELE2042/B/PU 37 (US-7),continue,,
7220176289928,sed2024-b-pu,MERGE,Pleaser Seduce 2024,41048775983240,MERGE,SED2024/B/PU 36 (US-6),continue,,checken
7220176289928,sed2024-b-pu,MERGE,Pleaser Seduce 2024,41048776016008,MERGE,SED2024/B/PU 37 (US-7),continue,,
7220180615304,sed3010-b,MERGE,Pleaser Seduce 3010,41048780308616,MERGE,SED3010/B 36 (US-6),deny,2026-07-20,20.07.2026-checken
7220180615304,sed3010-b,MERGE,Pleaser Seduce 3010,41048780537992,MERGE,SED3010/B 44 (US-13),deny,,
7220182286472,sed3024-w,MERGE,Pleaser Seduce 3024,41048783192200,MERGE,SED3024/W 36 (US-6),continue,2026-08-24,24.08.2026-checken
7220182286472,sed3024-w,MERGE,Pleaser Seduce 3024,41048783224968,MERGE,SED3024/W 37 (US-7),continue,,
7220182286472,sed3024-w,MERGE,Pleaser Seduce 3024,41048783257736,MERGE,SED3024/W 38 (US-8),continue,,
7220182286472,sed3024-w,MERGE,Pleaser Seduce 3024,41048783290504,MERGE,SED3024/W 39 (US-9),deny,,
7220182286472,sed3024-w,MERGE,Pleaser Seduce 3024,41048783323272,MERGE,SED3024/W 40 (US-10),deny,,
7220182286472,sed3024-w,MERGE,Pleaser Seduce 3024,41048783356040,MERGE,SED3024/W 41 (US-11),deny,,
7220182286472,sed3024-w,MERGE,Pleaser Seduce 3024,41048783388808,MERGE,SED3024/W 42/43 (US-12),continue,,
7220182286472,sed3024-w,MERGE,Pleaser Seduce 3024,41048783421576,MERGE,SED3024/W 44 (US-13),deny,,
7220182286472,sed3024-w,MERGE,Pleaser Seduce 3024,41048783454344,MERGE,SED3024/W 45 (US-14),continue,,
7220182286472,sed3024-w,MERGE,Pleaser Seduce 3024,41048783487112,MERGE,SED3024/W 46 (US-15),continue,,
7220182286472,sed3024-w,MERGE,Pleaser Seduce 3024,41048783519880,MERGE,SED3024/W 47/48 (US-16),deny,,
7220650999944,flam808-c-moc,MERGE,Pleaser Flamingo 808,41048684429448,MERGE,FLAM808/C/MOC 35 (US-5),continue,,
7220650999944,flam808-c-moc,MERGE,Pleaser Flamingo 808,41048684462216,MERGE,FLAM808/C/MOC 36 (US-6),continue,,
7220650999944,flam808-c-moc,MERGE,Pleaser Flamingo 808,41048684494984,MERGE,FLAM808/C/MOC 37 (US-7),continue,,
7220650999944,flam808-c-moc,MERGE,Pleaser Flamingo 808,41048684527752,MERGE,FLAM808/C/MOC 38 (US-8),continue,,
7220650999944,flam808-c-moc,MERGE,Pleaser Flamingo 808,41048684560520,MERGE,FLAM808/C/MOC 39 (US-9),continue,,
7220650999944,flam808-c-moc,MERGE,Pleaser Flamingo 808,41048684593288,MERGE,FLAM808/C/MOC 40 (US-10),continue,,
7220650999944,flam808-c-moc,MERGE,Pleaser Flamingo 808,41048684626056,MERGE,FLAM808/C/MOC 41 (US-11),continue,,
7220650999944,flam808-c-moc,MERGE,Pleaser Flamingo 808,41048684658824,MERGE,FLAM808/C/MOC 42/43 (US-12),continue,,
7220650999944,flam808-c-moc,MERGE,Pleaser Flamingo 808,41048684691592,MERGE,FLAM808/C/MOC 44 (US-13),continue,,
7220650999944,flam808-c-moc,MERGE,Pleaser Flamingo 808,41048684724360,MERGE,FLAM808/C/MOC 45 (US-14),continue,,
7221316583560,flam1050fs-bfs-m,MERGE,Pleaser Flamingo 1050FS,41048665129096,MERGE,FLAM1050FS/BFS/M 35 (US-5),continue,2026-06-07,07.06.2026
7221316583560,flam1050fs-bfs-m,MERGE,Pleaser Flamingo 1050FS,41048665161864,MERGE,FLAM1050FS/BFS/M 36 (US-6),continue,,
7221316583560,flam1050fs-bfs-m,MERGE,Pleaser Flamingo 1050FS,41048665194632,MERGE,FLAM1050FS/BFS/M 37 (US-7),continue,,
7221316583560,flam1050fs-bfs-m,MERGE,Pleaser Flamingo 1050FS,41048665227400,MERGE,FLAM1050FS/BFS/M 38 (US-8),continue,,
7221316583560,flam1050fs-bfs-m,MERGE,Pleaser Flamingo 1050FS,41048665260168,MERGE,FLAM1050FS/BFS/M 39 (US-9),continue,,
7221316583560,flam1050fs-bfs-m,MERGE,Pleaser Flamingo 1050FS,41048665292936,MERGE,FLAM1050FS/BFS/M 40 (US-10),continue,,
7221316583560,flam1050fs-bfs-m,MERGE,Pleaser Flamingo 1050FS,41048665325704,MERGE,*SR* FLAM1050FS/BFS/M 41 (US-11),continue,,
7221316583560,flam1050fs-bfs-m,MERGE,Pleaser Flamingo 1050FS,41048665358472,MERGE,FLAM1050FS/BFS/M 42/43 (US-12),deny,,
7221316583560,flam1050fs-bfs-m,MERGE,Pleaser Flamingo 1050FS,46842356957531,MERGE,FLAM1050FS/BFS/M 44 (US-13),continue,,
7221316583560,flam1050fs-bfs-m,MERGE,Pleaser Flamingo 1050FS,46842356990299,MERGE,FLAM1050FS/BFS/M 45 (US-14),deny,,
7222100721800,flam808-c-hpch,MERGE,Pleaser Flamingo 808,41048683708552,MERGE,FLAM808/C/HPCH 35 (US-5),continue,2026-07-06,06.07.2026
7222100721800,flam808-c-hpch,MERGE,Pleaser Flamingo 808,41048683872392,MERGE,FLAM808/C/HPCH 40 (US-10),deny,,
7222102655112,flam808n-btpu-m,MERGE,Pleaser Flamingo 808N,41048692523144,MERGE,FLAM808N/BTPU/M 35 (US-5),continue,2026-06-08,08.06.2026
7222102655112,flam808n-btpu-m,MERGE,Pleaser Flamingo 808N,41048692555912,MERGE,FLAM808N/BTPU/M 36 (US-6),continue,,
7222102655112,flam808n-btpu-m,MERGE,Pleaser Flamingo 808N,41048692588680,MERGE,FLAM808N/BTPU/M 37 (US-7),continue,,
7222102655112,flam808n-btpu-m,MERGE,Pleaser Flamingo 808N,41048692621448,MERGE,FLAM808N/BTPU/M 38 (US-8),continue,,
7222102655112,flam808n-btpu-m,MERGE,Pleaser Flamingo 808N,41048692654216,MERGE,FLAM808N/BTPU/M 39 (US-9),continue,,
7222102655112,flam808n-btpu-m,MERGE,Pleaser Flamingo 808N,41048692686984,MERGE,FLAM808N/BTPU/M 40 (US-10),continue,,
7222102655112,flam808n-btpu-m,MERGE,Pleaser Flamingo 808N,41048692719752,MERGE,FLAM808N/BTPU/M 41 (US-11),continue,,
7222102655112,flam808n-btpu-m,MERGE,Pleaser Flamingo 808N,41048692752520,MERGE,FLAM808N/BTPU/M 42/43 (US-12),continue,,
7222102655112,flam808n-btpu-m,MERGE,Pleaser Flamingo 808N,46734590017883,MERGE,FLAM808N/BTPU/M 44 (US-13),continue,,
7222102655112,flam808n-btpu-m,MERGE,Pleaser Flamingo 808N,46734590050651,MERGE,FLAM808N/BTPU/M 45 (US-14),continue,,
7222241099912,flam869-b-m,MERGE,Pleaser Flamingo 869,41048707760264,MERGE,FLAM869/B/M 35 (US-5),continue,,xx checken
7222241099912,flam869-b-m,MERGE,Pleaser Flamingo 869,41048707793032,MERGE,FLAM869/B/M 36 (US-6),continue,,
7222241951880,kiss269rs-b-m,MERGE,Pleaser Kiss 269RS,41048740495496,MERGE,KISS269RS/B/M 35 (US-5),continue,,xx checken
7222241951880,kiss269rs-b-m,MERGE,Pleaser Kiss 269RS,41048740528264,MERGE,KISS269RS/B/M 36 (US-6),deny,,
7224507039880,rbow309uv-b-nmc,MERGE,Pleaser Rainbow 309UV,41048766808200,MERGE,RBOW309UV/B/NMC 35 (US-5),continue,2026-09-07,07.09.2026
7224507039880,rbow309uv-b-nmc,MERGE,Pleaser Rainbow 309UV,41048766840968,MERGE,RBOW309UV/B/NMC 36 (US-6),continue,,
7224507039880,rbow309uv-b-nmc,MERGE,Pleaser Rainbow 309UV,41048766873736,MERGE,RBOW309UV/B/NMC 37 (US-7),continue,,
7224507039880,rbow309uv-b-nmc,MERGE,Pleaser Rainbow 309UV,41048766906504,MERGE,RBOW309UV/B/NMC 38 (US-8),continue,,
7224507039880,rbow309uv-b-nmc,MERGE,Pleaser Rainbow 309UV,41048766939272,MERGE,RBOW309UV/B/NMC 39 (US-9),continue,,
7224507039880,rbow309uv-b-nmc,MERGE,Pleaser Rainbow 309UV,41048766972040,MERGE,RBOW309UV/B/NMC 40 (US-10),continue,,
7224507039880,rbow309uv-b-nmc,MERGE,Pleaser Rainbow 309UV,41048767004808,MERGE,RBOW309UV/B/NMC 41 (US-11),continue,,
7224507039880,rbow309uv-b-nmc,MERGE,Pleaser Rainbow 309UV,41048767037576,MERGE,RBOW309UV/B/NMC 42/43 (US-12),continue,,
7224939806856,enc709-b-m,MERGE,Pleaser Enchant 709,41048934350984,MERGE,ENC709/B/M 35 (US-5),continue,,
7224939806856,enc709-b-m,MERGE,Pleaser Enchant 709,41048934383752,MERGE,ENC709/B/M 36 (US-6),continue,,
7224939806856,enc709-b-m,MERGE,Pleaser Enchant 709,41048934416520,MERGE,ENC709/B/M 37 (US-7),continue,,
7224939806856,enc709-b-m,MERGE,Pleaser Enchant 709,41048934449288,MERGE,ENC709/B/M 38 (US-8),continue,,
7224939806856,enc709-b-m,MERGE,Pleaser Enchant 709,41048934482056,MERGE,ENC709/B/M 39 (US-9),continue,,
7224939806856,enc709-b-m,MERGE,Pleaser Enchant 709,41048934514824,MERGE,ENC709/B/M 40 (US-10),continue,,
7234511700104,del1017rsf-c-s-c,MERGE,Pleaser Delight 1017RSF,41048335974536,MERGE,DEL1017RSF/C-S/C 35 (US-5),continue,2026-08-17,17.08.2026-checken
7234511700104,del1017rsf-c-s-c,MERGE,Pleaser Delight 1017RSF,41048336105608,MERGE,DEL1017RSF/C-S/C 39 (US-9),continue,,
7234512519304,pasn708-c-b-c,MERGE,Pleaser Passion 708,41048972787848,MERGE,PASN708/C-B/C 35 (US-5),continue,2026-07-20,20.07.2026-checken
7234512519304,pasn708-c-b-c,MERGE,Pleaser Passion 708,41048972951688,MERGE,PASN708/C-B/C 40 (US-10),continue,,
7234516680840,del609-bp-m,MERGE,Pleaser Delight 609,41048921571464,MERGE,DEL609/BP/M 35 (US-5),continue,2026-07-13,13.07.2026-checken
7234516680840,del609-bp-m,MERGE,Pleaser Delight 609,41048921604232,MERGE,DEL609/BP/M 36 (US-6),deny,,
7321686966408,nau808-c-b-c,MERGE,Pleaser Naughty 808,41089620312200,MERGE,NAU808/C-B/C 35 (US-5),continue,2026-08-24,24.08.2026-checken
7321686966408,nau808-c-b-c,MERGE,Pleaser Naughty 808,41089620344968,MERGE,NAU808/C-B/C 36 (US-6),continue,,
7321686966408,nau808-c-b-c,MERGE,Pleaser Naughty 808,41089620377736,MERGE,NAU808/C-B/C 37 (US-7),continue,,
7321686966408,nau808-c-b-c,MERGE,Pleaser Naughty 808,41089620410504,MERGE,NAU808/C-B/C 38 (US-8),continue,,
7321686966408,nau808-c-b-c,MERGE,Pleaser Naughty 808,41089620443272,MERGE,NAU808/C-B/C 39 (US-9),continue,,
7321686966408,nau808-c-b-c,MERGE,Pleaser Naughty 808,41089620476040,MERGE,NAU808/C-B/C 40 (US-10),continue,,
7321686966408,nau808-c-b-c,MERGE,Pleaser Naughty 808,41089620508808,MERGE,NAU808/C-B/C 41 (US-11),continue,,
8407394517339,pleaser-flam808ht-c-hg,MERGE,Pleaser Flamingo 808HT,46709889991003,MERGE,FLAM808HT/C/HG 35 (US-5),continue,2026-06-29,29.06.2026
8407394517339,pleaser-flam808ht-c-hg,MERGE,Pleaser Flamingo 808HT,46709890023771,MERGE,FLAM808HT/C/HG 36 (US-6),continue,,
8407394517339,pleaser-flam808ht-c-hg,MERGE,Pleaser Flamingo 808HT,46709890056539,MERGE,FLAM808HT/C/HG 37 (US-7),continue,,
8407394517339,pleaser-flam808ht-c-hg,MERGE,Pleaser Flamingo 808HT,46709890089307,MERGE,FLAM808HT/C/HG 38 (US-8),continue,,
8407394517339,pleaser-flam808ht-c-hg,MERGE,Pleaser Flamingo 808HT,46709890122075,MERGE,FLAM808HT/C/HG 39 (US-9),continue,,
8407394517339,pleaser-flam808ht-c-hg,MERGE,Pleaser Flamingo 808HT,46709890154843,MERGE,FLAM808HT/C/HG 40 (US-10),continue,,
8407394517339,pleaser-flam808ht-c-hg,MERGE,Pleaser Flamingo 808HT,46709891072347,MERGE,FLAM808HT/C/HG 41 (US-11),continue,,
8407394517339,pleaser-flam808ht-c-hg,MERGE,Pleaser Flamingo 808HT,46709891105115,MERGE,FLAM808HT/C/HG 42/43 (US-12),continue,,
8437120926043,demoniacult-emi23-b,MERGE,DemoniaCult Emily 23,46765259850075,MERGE,EMI23/B 36 (US-6),continue,2026-06-02,02.06.2026-checken
8437120926043,demoniacult-emi23-b,MERGE,DemoniaCult Emily 23,46765260046683,MERGE,EMI23/B 42/43 (US-12),continue,,
8437121089883,demoniacult-nep68-bvl,MERGE,DemoniaCult Neptune 68,47059062686043,MERGE,NEP68/BVL 36 (US-4) UNISEX,deny,2026-05-21,21.05.2026-checken
8437121089883,demoniacult-nep68-bvl,MERGE,DemoniaCult Neptune 68,47059062718811,MERGE,NEP68/BVL 37 (US-5) UNISEX,deny,,
8489414885723,fabulicious-chic40-rpu-rs-m,MERGE,Fabulicious Chic 40,46887676772699,MERGE,CHIC40/RPU-RS/M 35 (US-5),continue,,
8489414885723,fabulicious-chic40-rpu-rs-m,MERGE,Fabulicious Chic 40,46887676805467,MERGE,CHIC40/RPU-RS/M 36 (US-6),continue,,
8489414885723,fabulicious-chic40-rpu-rs-m,MERGE,Fabulicious Chic 40,46887676838235,MERGE,CHIC40/RPU-RS/M 37 (US-7),continue,,
8489414885723,fabulicious-chic40-rpu-rs-m,MERGE,Fabulicious Chic 40,46887676871003,MERGE,CHIC40/RPU-RS/M 38 (US-8),continue,,
8489414885723,fabulicious-chic40-rpu-rs-m,MERGE,Fabulicious Chic 40,46887676903771,MERGE,CHIC40/RPU-RS/M 39 (US-9),continue,,
8489414885723,fabulicious-chic40-rpu-rs-m,MERGE,Fabulicious Chic 40,46887676936539,MERGE,CHIC40/RPU-RS/M 40 (US-10),continue,,
8489414885723,fabulicious-chic40-rpu-rs-m,MERGE,Fabulicious Chic 40,46887676969307,MERGE,CHIC40/RPU-RS/M 41 (US-11),continue,,
8489418457435,fabulicious-chic47-c-b-b,MERGE,Fabulicious Chic 47,46887687684443,MERGE,CHIC47/C-B/B 35 (US-5),continue,2026-06-02,02.06.2026-checken
8489418457435,fabulicious-chic47-c-b-b,MERGE,Fabulicious Chic 47,46887687749979,MERGE,CHIC47/C-B/B 37 (US-7),deny,,
8489428353371,pleaser-flam808vl-c-m,MERGE,Pleaser Flamingo 808VL,46887707640155,MERGE,FLAM808VL/C/M 35 (US-5),deny,,xx checken
8489428353371,pleaser-flam808vl-c-m,MERGE,Pleaser Flamingo 808VL,46887707771227,MERGE,FLAM808VL/C/M 39 (US-9),continue,,
8514762506587,fabulicious-mart501-c-b-smkt,MERGE,Fabulicious Martini 501,46964570161499,MERGE,MART501/C-B/SMKT 36 (US-6),deny,,xx checken
8514762506587,fabulicious-mart501-c-b-smkt,MERGE,Fabulicious Martini 501,46964570227035,MERGE,MART501/C-B/SMKT 38 (US-8),continue,,
8831066931547,pleaser-ado3019c-rsf-c-bp-c,MERGE,Pleaser Adore 3019C-RSF,47755115921755,MERGE,ADO3019C-RSF/C-BP/C 35 (US-5),deny,,xx
8831066931547,pleaser-ado3019c-rsf-c-bp-c,MERGE,Pleaser Adore 3019C-RSF,47755115987291,MERGE,ADO3019C-RSF/C-BP/C 37 (US-7),deny,,
8847197208923,pleaser-flam3020gp-ppg-m,MERGE,Pleaser Flamingo 3020GP,47785096479067,MERGE,FLAM3020GP/PPG/M 35 (US-5),deny,,xx checken
8847197208923,pleaser-flam3020gp-ppg-m,MERGE,Pleaser Flamingo 3020GP,47785096610139,MERGE,FLAM3020GP/PPG/M 39 (US-9),continue,,
9131439522139,fabulicious-ctail508rsi-c-c-srs,MERGE,Fabulicious Cocktail 508RSI,48116433715547,MERGE,CTAIL508RSI/C/C-SRS 35 (US-5),deny,2026-06-07,07.06.2026
9131439522139,fabulicious-ctail508rsi-c-c-srs,MERGE,Fabulicious Cocktail 508RSI,48116433748315,MERGE,CTAIL508RSI/C/C-SRS 36 (US-6),continue,,
9131439522139,fabulicious-ctail508rsi-c-c-srs,MERGE,Fabulicious Cocktail 508RSI,48116433781083,MERGE,CTAIL508RSI/C/C-SRS 37 (US-7),continue,,
9131439522139,fabulicious-ctail508rsi-c-c-srs,MERGE,Fabulicious Cocktail 508RSI,48116433813851,MERGE,CTAIL508RSI/C/C-SRS 38 (US-8),continue,,
9131439522139,fabulicious-ctail508rsi-c-c-srs,MERGE,Fabulicious Cocktail 508RSI,48116433846619,MERGE,CTAIL508RSI/C/C-SRS 39 (US-9),continue,,
9131439522139,fabulicious-ctail508rsi-c-c-srs,MERGE,Fabulicious Cocktail 508RSI,48116433912155,MERGE,CTAIL508RSI/C/C-SRS 40 (US-10),continue,,
9131439522139,fabulicious-ctail508rsi-c-c-srs,MERGE,Fabulicious Cocktail 508RSI,48116433944923,MERGE,CTAIL508RSI/C/C-SRS 41 (US-11),deny,,
9131439522139,fabulicious-ctail508rsi-c-c-srs,MERGE,Fabulicious Cocktail 508RSI,48116433977691,MERGE,CTAIL508RSI/C/C-SRS 42/43 (US-12),continue,,
9131439522139,fabulicious-ctail508rsi-c-c-srs,MERGE,Fabulicious Cocktail 508RSI,48116434010459,MERGE,CTAIL508RSI/C/C-SRS 44 (US-13),continue,,
9131439522139,fabulicious-ctail508rsi-c-c-srs,MERGE,Fabulicious Cocktail 508RSI,48116434043227,MERGE,CTAIL508RSI/C/C-SRS 45 (US-14),continue,,
9147665580379,demoniacult-wra205-bvl,MERGE,DemoniaCult Wrath 205,48162837561691,MERGE,WRA205/BVL 36 (US-6),continue,2026-06-08,08.06.2026-checken
9147665580379,demoniacult-wra205-bvl,MERGE,DemoniaCult Wrath 205,48162837758299,MERGE,WRA205/BVL 41 (US-11),continue,,
9417751429467,pleaser-jub01-b,MERGE,Pleaser Jubilant 01,48896260997467,MERGE,JUB01/B 35 (US-5),continue,2026-07-27,27.07.2026-checken
9417751429467,pleaser-jub01-b,MERGE,Pleaser Jubilant 01,48896261030235,MERGE,JUB01/B 36 (US-6),continue,,
9417751429467,pleaser-jub01-b,MERGE,Pleaser Jubilant 01,48896261063003,MERGE,JUB01/B 37 (US-7),continue,,
9417751429467,pleaser-jub01-b,MERGE,Pleaser Jubilant 01,48896261095771,MERGE,JUB01/B 38 (US-8),continue,,
9417751429467,pleaser-jub01-b,MERGE,Pleaser Jubilant 01,48896261128539,MERGE,JUB01/B 39 (US-9),continue,,
9417751429467,pleaser-jub01-b,MERGE,Pleaser Jubilant 01,48896261161307,MERGE,JUB01/B 40 (US-10),deny,,
9417751429467,pleaser-jub01-b,MERGE,Pleaser Jubilant 01,48896261194075,MERGE,JUB01/B 41 (US-11),continue,,
9417751429467,pleaser-jub01-b,MERGE,Pleaser Jubilant 01,48896261226843,MERGE,JUB01/B 42/43 (US-12),continue,,
9417751429467,pleaser-jub01-b,MERGE,Pleaser Jubilant 01,48896261259611,MERGE,JUB01/B 44 (US-13),continue,,
9417751429467,pleaser-jub01-b,MERGE,Pleaser Jubilant 01,48896261292379,MERGE,JUB01/B 45 (US-14),continue,,
10129596744027,fabulicious-ctail508-c-c,MERGE,Fabulicious Cocktail 508,51480888836443,MERGE,CTAIL508/C/C 35 (US-5),continue,2026-05-19,19.05.2026-checken
10129596744027,fabulicious-ctail508-c-c,MERGE,Fabulicious Cocktail 508,51480888869211,MERGE,CTAIL508/C/C 36 (US-6),continue,,
10129620435291,fabulicious-mjty508-c-c,MERGE,Fabulicious Majesty 508,51480984322395,MERGE,MJTY508/C/C 35 (US-5),continue,2026-05-01,01.05.2026-checken
10129620435291,fabulicious-mjty508-c-c,MERGE,Fabulicious Majesty 508,51480984486235,MERGE,MJTY508/C/C 40 (US-10),continue,,
10202876019035,demoniacult-cub28-bvl,MERGE,DemoniaCult Cubby 28,51730724094299,MERGE,CUB28/BVL 36 (US-6),continue,2026-05-04,04.05.2026-checken
10202876019035,demoniacult-cub28-bvl,MERGE,DemoniaCult Cubby 28,51730826723675,MERGE,CUB28/BVL 42/43 (US-12),continue,,
10208782254427,pleaser-flam808tdrs-c-c-srs,MERGE,Pleaser Flamingo 808TDRS,51744622739803,MERGE,FLAM808TDRS/C/C-SRS 35 (US-5),deny,2026-06-15,15.06.2026
10208782254427,pleaser-flam808tdrs-c-c-srs,MERGE,Pleaser Flamingo 808TDRS,51744622903643,MERGE,FLAM808TDRS/C/C-SRS 40 (US-10),deny,,
10429951312219,pleaser-bej712ms-c-brs,MERGE,Pleaser Bejeweled 712MS [COMING SOON],52789761900891,MERGE,BEJ712MS/C/BRS 35 (US-5),continue,,
10429951312219,pleaser-bej712ms-c-brs,MERGE,Pleaser Bejeweled 712MS [COMING SOON],52789761933659,MERGE,BEJ712MS/C/BRS 36 (US-6),continue,,
10429951312219,pleaser-bej712ms-c-brs,MERGE,Pleaser Bejeweled 712MS [COMING SOON],52789761966427,MERGE,BEJ712MS/C/BRS 37 (US-7),continue,,
10429951312219,pleaser-bej712ms-c-brs,MERGE,Pleaser Bejeweled 712MS [COMING SOON],52789761999195,MERGE,BEJ712MS/C/BRS 38 (US-8),continue,,
10429951312219,pleaser-bej712ms-c-brs,MERGE,Pleaser Bejeweled 712MS [COMING SOON],52789762031963,MERGE,BEJ712MS/C/BRS 39 (US-9),continue,,
10429951312219,pleaser-bej712ms-c-brs,MERGE,Pleaser Bejeweled 712MS [COMING SOON],52789762064731,MERGE,BEJ712MS/C/BRS 40 (US-10),continue,,
10429951312219,pleaser-bej712ms-c-brs,MERGE,Pleaser Bejeweled 712MS [COMING SOON],52789762097499,MERGE,BEJ712MS/C/BRS 41 (US-11),continue,,
10429951312219,pleaser-bej712ms-c-brs,MERGE,Pleaser Bejeweled 712MS [COMING SOON],52789762130267,MERGE,BEJ712MS/C/BRS 42/43 (US-12),continue,,
10430178427227,pleaser-flam1020wr-b-m,MERGE,Pleaser Flamingo 1020WR [COMING SOON],52790704669019,MERGE,FLAM1020WR/B/M 35 (US-5),continue,,checken
10430178427227,pleaser-flam1020wr-b-m,MERGE,Pleaser Flamingo 1020WR [COMING SOON],52790704701787,MERGE,FLAM1020WR/B/M 36 (US-6),continue,,
10430178427227,pleaser-flam1020wr-b-m,MERGE,Pleaser Flamingo 1020WR [COMING SOON],52790704734555,MERGE,FLAM1020WR/B/M 37 (US-7),continue,,
10430178427227,pleaser-flam1020wr-b-m,MERGE,Pleaser Flamingo 1020WR [COMING SOON],52790704767323,MERGE,FLAM1020WR/B/M 38 (US-8),continue,,
10430178427227,pleaser-flam1020wr-b-m,MERGE,Pleaser Flamingo 1020WR [COMING SOON],52790704800091,MERGE,FLAM1020WR/B/M 39 (US-9),continue,,
10430178427227,pleaser-flam1020wr-b-m,MERGE,Pleaser Flamingo 1020WR [COMING SOON],52790704832859,MERGE,FLAM1020WR/B/M 40 (US-10),continue,,
10430178427227,pleaser-flam1020wr-b-m,MERGE,Pleaser Flamingo 1020WR [COMING SOON],52790704865627,MERGE,FLAM1020WR/B/M 41 (US-11),continue,,
10430178427227,pleaser-flam1020wr-b-m,MERGE,Pleaser Flamingo 1020WR [COMING SOON],52790704898395,MERGE,FLAM1020WR/B/M 42/43 (US-12),continue,,
10430178427227,pleaser-flam1020wr-b-m,MERGE,Pleaser Flamingo 1020WR [COMING SOON],52790704931163,MERGE,FLAM1020WR/B/M 44 (US-13),continue,,
10430178427227,pleaser-flam1020wr-b-m,MERGE,Pleaser Flamingo 1020WR [COMING SOON],52790704963931,MERGE,FLAM1020WR/B/M 45 (US-14),continue,,
9514105045339,pleaser-ado1016-r-m,MERGE,Pleaser Adore 1016,49217254523227,MERGE,ADO1016/R/M 35 (US-5),continue,,xx checken
9514105045339,pleaser-ado1016-r-m,MERGE,Pleaser Adore 1016,49217254687067,MERGE,ADO1016/R/M 40 (US-10),deny,,
9520944382299,pleaser-ado708crs-2-c-b-srs,MERGE,Pleaser Adore 708CRS-2,49243837923675,MERGE,ADO708CRS-2/C/B-SRS 35 (US-5),deny,2026-06-07,07.06.2026-checken
9520944382299,pleaser-ado708crs-2-c-b-srs,MERGE,Pleaser Adore 708CRS-2,49243837956443,MERGE,ADO708CRS-2/C/B-SRS 36 (US-6),deny,,
9520944382299,pleaser-ado708crs-2-c-b-srs,MERGE,Pleaser Adore 708CRS-2,49243837989211,MERGE,ADO708CRS-2/C/B-SRS 37 (US-7),deny,,
9520944382299,pleaser-ado708crs-2-c-b-srs,MERGE,Pleaser Adore 708CRS-2,49243838021979,MERGE,ADO708CRS-2/C/B-SRS 38 (US-8),continue,,
9520944382299,pleaser-ado708crs-2-c-b-srs,MERGE,Pleaser Adore 708CRS-2,49243838054747,MERGE,ADO708CRS-2/C/B-SRS 39 (US-9),deny,,
9520944382299,pleaser-ado708crs-2-c-b-srs,MERGE,Pleaser Adore 708CRS-2,49243838087515,MERGE,ADO708CRS-2/C/B-SRS 40 (US-10),deny,,
9520944382299,pleaser-ado708crs-2-c-b-srs,MERGE,Pleaser Adore 708CRS-2,49243838120283,MERGE,ADO708CRS-2/C/B-SRS 41 (US-11),continue,,
9520944382299,pleaser-ado708crs-2-c-b-srs,MERGE,Pleaser Adore 708CRS-2,49243838153051,MERGE,ADO708CRS-2/C/B-SRS 42/43 (US-12),continue,,
9521888887131,pleaser-asp609-lv-m,MERGE,Pleaser Aspire 609,49246581850459,MERGE,ASP609/LV/M 35 (US-5),continue,,xx checken
9521888887131,pleaser-asp609-lv-m,MERGE,Pleaser Aspire 609,49246582014299,MERGE,ASP609/LV/M 40 (US-10),deny,,
9522196447579,pleaser-cap600-14-bpu-m,MERGE,Pleaser Captiva 600-14,49247404884315,MERGE,CAP600-14/BPU/M 35 (US-5),continue,,checken
9531192377691,fabulicious-ctail508-c-b,MERGE,Fabulicious Cocktail 508,49286372491611,MERGE,CTAIL508/C/B 35 (US-5),deny,2026-06-07,07.06.2026-checken
9531192377691,fabulicious-ctail508-c-b,MERGE,Fabulicious Cocktail 508,49286372524379,MERGE,CTAIL508/C/B 36 (US-6),deny,,
9531192377691,fabulicious-ctail508-c-b,MERGE,Fabulicious Cocktail 508,49286372557147,MERGE,CTAIL508/C/B 37 (US-7),deny,,
9531192377691,fabulicious-ctail508-c-b,MERGE,Fabulicious Cocktail 508,49286372589915,MERGE,CTAIL508/C/B 38 (US-8),deny,,
9531192377691,fabulicious-ctail508-c-b,MERGE,Fabulicious Cocktail 508,49286372622683,MERGE,CTAIL508/C/B 39 (US-9),deny,,
9531192377691,fabulicious-ctail508-c-b,MERGE,Fabulicious Cocktail 508,49286372655451,MERGE,CTAIL508/C/B 40 (US-10),continue,,
9531192377691,fabulicious-ctail508-c-b,MERGE,Fabulicious Cocktail 508,49286372688219,MERGE,CTAIL508/C/B 41 (US-11),continue,,
9531192377691,fabulicious-ctail508-c-b,MERGE,Fabulicious Cocktail 508,49286372720987,MERGE,CTAIL508/C/B 42/43 (US-12),continue,,
9531192377691,fabulicious-ctail508-c-b,MERGE,Fabulicious Cocktail 508,49286372753755,MERGE,CTAIL508/C/B 44 (US-13),continue,,
9531192377691,fabulicious-ctail508-c-b,MERGE,Fabulicious Cocktail 508,49286372786523,MERGE,CTAIL508/C/B 45 (US-14),continue,,
9595828240731,pleaser-rapt808ht-c-hgt,MERGE,Pleaser Rapture 808HT,49531711160667,MERGE,RAPT808HT/C/HGT 35 (US-5),continue,2026-06-29,29.06.2026-checken
9595828240731,pleaser-rapt808ht-c-hgt,MERGE,Pleaser Rapture 808HT,49531711258971,MERGE,RAPT808HT/C/HGT 38 (US-8),deny,,
9621565309275,pleaser-ado708prem-ctpu-c,MERGE,Pleaser Adore 708PREM,49634660548955,MERGE,ADO708PREM/CTPU/C 35 (US-5),continue,,checken
9621565309275,pleaser-ado708prem-ctpu-c,MERGE,Pleaser Adore 708PREM,49634660581723,MERGE,ADO708PREM/CTPU/C 36 (US-6),continue,,
9621565309275,pleaser-ado708prem-ctpu-c,MERGE,Pleaser Adore 708PREM,49634660614491,MERGE,ADO708PREM/CTPU/C 37 (US-7),continue,,
9621565309275,pleaser-ado708prem-ctpu-c,MERGE,Pleaser Adore 708PREM,49634660647259,MERGE,ADO708PREM/CTPU/C 38 (US-8),continue,,
9621565309275,pleaser-ado708prem-ctpu-c,MERGE,Pleaser Adore 708PREM,49634660680027,MERGE,ADO708PREM/CTPU/C 39 (US-9),continue,,
9621565309275,pleaser-ado708prem-ctpu-c,MERGE,Pleaser Adore 708PREM,49634660712795,MERGE,ADO708PREM/CTPU/C 40 (US-10),continue,,
9621565309275,pleaser-ado708prem-ctpu-c,MERGE,Pleaser Adore 708PREM,49634660745563,MERGE,ADO708PREM/CTPU/C 41 (US-11),continue,,
9621565309275,pleaser-ado708prem-ctpu-c,MERGE,Pleaser Adore 708PREM,49634660778331,MERGE,ADO708PREM/CTPU/C 42/43 (US-12),continue,,
9716922745179,pleaser-ado708fur-b-m,MERGE,Pleaser Adore 708FUR,49970249531739,MERGE,ADO708FUR/B/M 35 (US-5),continue,2026-08-03,03.08.2026-checken
9716922745179,pleaser-ado708fur-b-m,MERGE,Pleaser Adore 708FUR,49970249564507,MERGE,ADO708FUR/B/M 36 (US-6),continue,,
9716922745179,pleaser-ado708fur-b-m,MERGE,Pleaser Adore 708FUR,49970249597275,MERGE,ADO708FUR/B/M 37 (US-7),continue,,
9716922745179,pleaser-ado708fur-b-m,MERGE,Pleaser Adore 708FUR,49970249630043,MERGE,ADO708FUR/B/M 38 (US-8),continue,,
9716922745179,pleaser-ado708fur-b-m,MERGE,Pleaser Adore 708FUR,49970249662811,MERGE,ADO708FUR/B/M 39 (US-9),continue,,
9716922745179,pleaser-ado708fur-b-m,MERGE,Pleaser Adore 708FUR,49970249695579,MERGE,ADO708FUR/B/M 40 (US-10),continue,,
9716922745179,pleaser-ado708fur-b-m,MERGE,Pleaser Adore 708FUR,49970249728347,MERGE,ADO708FUR/B/M 41 (US-11),continue,,
9716922745179,pleaser-ado708fur-b-m,MERGE,Pleaser Adore 708FUR,49970249761115,MERGE,ADO708FUR/B/M 42/43 (US-12),continue,,
9716933230939,pleaser-ado708fur-bp-m,MERGE,Pleaser Adore 708FUR,49970444271963,MERGE,ADO708FUR/BP/M 35 (US-5),continue,2026-08-24,24.08.2026
9716933230939,pleaser-ado708fur-bp-m,MERGE,Pleaser Adore 708FUR,49970444304731,MERGE,ADO708FUR/BP/M 36 (US-6),continue,,
9716933230939,pleaser-ado708fur-bp-m,MERGE,Pleaser Adore 708FUR,49970444337499,MERGE,ADO708FUR/BP/M 37 (US-7),continue,,
9716933230939,pleaser-ado708fur-bp-m,MERGE,Pleaser Adore 708FUR,49970444370267,MERGE,ADO708FUR/BP/M 38 (US-8),continue,,
9716933230939,pleaser-ado708fur-bp-m,MERGE,Pleaser Adore 708FUR,49970444403035,MERGE,ADO708FUR/BP/M 39 (US-9),continue,,
9716933230939,pleaser-ado708fur-bp-m,MERGE,Pleaser Adore 708FUR,49970444435803,MERGE,ADO708FUR/BP/M 40 (US-10),continue,,
9716933230939,pleaser-ado708fur-bp-m,MERGE,Pleaser Adore 708FUR,49970444468571,MERGE,ADO708FUR/BP/M 41 (US-11),continue,,
9716933230939,pleaser-ado708fur-bp-m,MERGE,Pleaser Adore 708FUR,49970444501339,MERGE,ADO708FUR/BP/M 42/43 (US-12),continue,,
